x0000,y0000,x0001,y0001,x0002,y0002,x0003,y0003,x0004,y0004
0.,0.1250025535,1.961961962,0.3821220365,3.953953954,0.3596785963,5.9259259259,0.5211771591,7.997997998,-0.0764183092
0.0100100100,0.1386800512,1.971971972,0.2963845581,3.963963964,0.2769382872,5.9359359359,0.440784429,8.0080080080,-0.1539829715
0.0200200200,0.1392162434,1.981981982,0.2106470796,3.973973974,0.1941979782,5.9459459459,0.3603916988,8.0180180180,-0.2315476337
0.0300300300,0.1303357521,1.991991992,0.1249096012,3.983983984,0.1114576691,5.955955956,0.2799989687,8.0280280280,-0.309112296
0.0400400400,0.1157631994,2.0020020020,0.0391721227,3.993993994,0.0287173601,5.965965966,0.1996062385,8.0380380380,-0.3866769582
0.0500500501,0.1015912169,2.0120120120,-0.0465653557,4.0040040040,-0.054022949,5.975975976,0.1192135084,8.0480480480,-0.4642416205
0.0600600601,0.0792443084,2.0220220220,-0.1323028342,4.0140140140,-0.1367632581,5.985985986,0.0388207782,8.0580580581,-0.5418062827
0.0700700701,0.070838754,2.0320320320,-0.2180403127,4.0240240240,-0.2195035671,5.995995996,-0.0415719519,8.0680680681,-0.619370945
0.0800800801,0.0839147096,2.0420420420,-0.3037777911,4.0340340340,-0.3022438762,6.0060060060,-0.1219646821,8.0780780781,-0.6969356073
0.0900900901,0.1025100780,2.0520520521,-0.3895152696,4.0440440440,-0.3849841852,6.0160160160,-0.2023574122,8.0880880881,-0.7745002695
0.1001001001,0.1002204247,,,,,,,,
0.1101101101,0.1045140258,,,,,,,,
0.1201201201,0.11426181,,,,,,,,
0.1301301301,0.1119770836,,,,,,,,
0.1401401401,0.1144835981,,,,,,,,
0.1501501502,0.1114691546,,,,,,,,
0.1601601602,0.0895487498,,,,,,,,
0.1701701702,0.0739510258,,,,,,,,
0.1801801802,0.0693538017,,,,,,,,
0.1901901902,0.0510736064,,,,,,,,
0.2002002002,0.0665062935,,,,,,,,
0.2102102102,0.0811199521,,,,,,,,
0.2202202202,0.0906937849,,,,,,,,
0.2302302302,0.0985864819,,,,,,,,
0.2402402402,0.1076402869,,,,,,,,
0.2502502503,0.1036040711,,,,,,,,
0.2602602603,0.111764534,,,,,,,,
0.2702702703,0.1293520818,,,,,,,,
0.2802802803,0.1279555979,,,,,,,,
0.2902902903,0.1327828142,,,,,,,,
0.3003003003,0.1070542805,,,,,,,,
0.3103103103,0.0842769266,,,,,,,,
0.3203203203,0.0664093808,,,,,,,,
0.3303303303,0.0798771603,,,,,,,,
0.3403403403,0.0996368804,,,,,,,,
0.3503503504,0.1170166908,,,,,,,,
0.3603603604,0.1348990786,,,,,,,,
0.3703703704,0.1364143367,,,,,,,,
0.3803803804,0.0955713750,,,,,,,,
0.3903903904,0.0862452963,,,,,,,,
0.4004004004,0.0773919147,,,,,,,,
0.4104104104,0.085260221,,,,,,,,
0.4204204204,0.0898804151,,,,,,,,
0.4304304304,0.1078713544,,,,,,,,
0.4404404404,0.1138666513,,,,,,,,
0.4504504505,0.1183240304,,,,,,,,
0.4604604605,0.1058118845,,,,,,,,
0.4704704705,0.0912008017,,,,,,,,
0.4804804805,0.1104362764,,,,,,,,
0.4904904905,0.1092207755,,,,,,,,
0.5005005005,0.1104881616,,,,,,,,
0.5105105105,0.1097900479,,,,,,,,
0.5205205205,0.1279328742,,,,,,,,
0.5305305305,0.1346067937,,,,,,,,
0.5405405405,0.1432161563,,,,,,,,
0.5505505506,0.1442108514,,,,,,,,
0.5605605606,0.1507159905,,,,,,,,
0.5705705706,0.1531462365,,,,,,,,
0.5805805806,0.1462062755,,,,,,,,
0.5905905906,0.1282686542,,,,,,,,
0.6006006006,0.1252710006,,,,,,,,
0.6106106106,0.1304204023,,,,,,,,
0.6206206206,0.1267001989,,,,,,,,
0.6306306306,0.1329144951,,,,,,,,
0.6406406406,0.1360054513,,,,,,,,
0.6506506507,0.1390923961,,,,,,,,
0.6606606607,0.1560340931,,,,,,,,
0.6706706707,0.1674376685,,,,,,,,
0.6806806807,0.1838116456,,,,,,,,
0.6906906907,0.1954881636,,,,,,,,
0.7007007007,0.2114394233,,,,,,,,
0.7107107107,0.2072366252,,,,,,,,
0.7207207207,0.2090340548,,,,,,,,
0.7307307307,0.1949956795,,,,,,,,
0.7407407407,0.1835269027,,,,,,,,
0.7507507508,0.1885044876,,,,,,,,
0.7607607608,0.1786910398,,,,,,,,
0.7707707708,0.194906101,,,,,,,,
0.7807807808,0.2083034619,,,,,,,,
0.7907907908,0.2120667503,,,,,,,,
0.8008008008,0.2191675208,,,,,,,,
0.8108108108,0.2361714469,,,,,,,,
0.8208208208,0.2614555301,,,,,,,,
0.8308308308,0.2837182194,,,,,,,,
0.8408408408,0.2873064561,,,,,,,,
0.8508508509,0.2864483090,,,,,,,,
0.8608608609,0.2856020694,,,,,,,,
0.8708708709,0.2941758411,,,,,,,,
0.8808808809,0.2743592926,,,,,,,,
0.8908908909,0.2799273397,,,,,,,,
0.9009009009,0.2952966200,,,,,,,,
0.9109109109,0.3191197132,,,,,,,,
0.9209209209,0.3235536644,,,,,,,,
0.9309309309,0.3295137675,,,,,,,,
0.9409409409,0.3435092728,,,,,,,,
0.950950951,0.3363738891,,,,,,,,
0.960960961,0.3629160504,,,,,,,,
0.970970971,0.367969275,,,,,,,,
0.980980981,0.3587926192,,,,,,,,
0.990990991,0.3611531966,,,,,,,,
1.0010010010,0.3446799416,,,,,,,,
1.0110110110,0.3457277713,,,,,,,,
1.0210210210,0.3623788944,,,,,,,,
1.0310310310,0.3548595339,,,,,,,,
1.0410410410,0.3654603371,,,,,,,,
1.0510510511,0.4022644138,,,,,,,,
1.0610610611,0.4283686679,,,,,,,,
1.0710710711,0.4513475889,,,,,,,,
1.0810810811,0.4638649697,,,,,,,,
1.0910910911,0.4718495779,,,,,,,,
1.1011011011,0.4900234641,,,,,,,,
1.1111111111,0.4902237989,,,,,,,,
1.1211211211,0.4831616335,,,,,,,,
1.1311311311,0.4851247283,,,,,,,,
1.1411411411,0.4891143957,,,,,,,,
1.1511511512,0.5088048642,,,,,,,,
1.1611611612,0.5329253235,,,,,,,,
1.1711711712,0.5231819857,,,,,,,,
1.1811811812,0.5318115990,,,,,,,,
1.1911911912,0.5424346022,,,,,,,,
1.2012012012,0.5512840145,,,,,,,,
1.2112112112,0.5648249618,,,,,,,,
1.2212212212,0.5576813914,,,,,,,,
1.2312312312,0.573912957,,,,,,,,
1.2412412412,0.6006383576,,,,,,,,
1.2512512513,0.6325899423,,,,,,,,
1.2612612613,0.6358871852,,,,,,,,
1.2712712713,0.6527286177,,,,,,,,
1.2812812813,0.6731728214,,,,,,,,
1.2912912913,0.6816439142,,,,,,,,
1.3013013013,0.6796564157,,,,,,,,
1.3113113113,0.6764869412,,,,,,,,
1.3213213213,0.7018622827,,,,,,,,
1.3313313313,0.7224481844,,,,,,,,
1.3413413413,0.7544755976,,,,,,,,
1.3513513514,0.7706893222,,,,,,,,
1.3613613614,0.7800187624,,,,,,,,
1.3713713714,0.7868186781,,,,,,,,
1.3813813814,0.7983102308,,,,,,,,
1.3913913914,0.8003747014,,,,,,,,
1.4014014014,0.8347971295,,,,,,,,
1.4114114114,0.8847788331,,,,,,,,
1.4214214214,0.9119854089,,,,,,,,
1.4314314314,0.9605088238,,,,,,,,
1.4414414414,0.9788215307,,,,,,,,
1.4514514515,0.9762649657,,,,,,,,
1.4614614615,0.9728589391,,,,,,,,
1.4714714715,0.9872781375,,,,,,,,
1.4814814815,0.9982117005,,,,,,,,
1.4914914915,1.0229791115,,,,,,,,
1.5015015015,1.0515763557,,,,,,,,
1.5115115115,1.0554073457,,,,,,,,
1.5215215215,1.0955667075,,,,,,,,
1.5315315315,1.1102991906,,,,,,,,
1.5415415415,1.1164052016,,,,,,,,
1.5515515516,1.1237455573,,,,,,,,
1.5615615616,1.1415529337,,,,,,,,
1.5715715716,1.1655280232,,,,,,,,
1.5815815816,1.1945184366,,,,,,,,
1.5915915916,1.2314698855,,,,,,,,
1.6016016016,1.2429117358,,,,,,,,
1.6116116116,1.2839628645,,,,,,,,
1.6216216216,1.3030071352,,,,,,,,
1.6316316316,1.2908852441,,,,,,,,
1.6416416416,1.2898792411,,,,,,,,
1.6516516517,1.2815763461,,,,,,,,
1.6616616617,1.3034611126,,,,,,,,
1.6716716717,1.3256442553,,,,,,,,
1.6816816817,1.3550568153,,,,,,,,
1.6916916917,1.3637644729,,,,,,,,
1.7017017017,1.3701016129,,,,,,,,
1.7117117117,1.3700335271,,,,,,,,
1.7217217217,1.3459271929,,,,,,,,
1.7317317317,1.3323373225,,,,,,,,
1.7417417417,1.3098834803,,,,,,,,
1.7517517518,1.2974403829,,,,,,,,
1.7617617618,1.2868105972,,,,,,,,
1.7717717718,1.2740507483,,,,,,,,
1.7817817818,1.2564697637,,,,,,,,
1.7917917918,1.2066185414,,,,,,,,
1.8018018018,1.1888541468,,,,,,,,
1.8118118118,1.1517345481,,,,,,,,
1.8218218218,1.1045578832,,,,,,,,
1.8318318318,1.0660389175,,,,,,,,
1.8418418418,1.0217124195,,,,,,,,
1.8518518519,1.0028362291,,,,,,,,
1.8618618619,0.9587139521,,,,,,,,
1.8718718719,0.9205827046,,,,,,,,
1.8818818819,0.8663527709,,,,,,,,
1.8918918919,0.8149820384,,,,,,,,
1.9019019019,0.7508421838,,,,,,,,
1.9119119119,0.6751112290,,,,,,,,
1.9219219219,0.60827606,,,,,,,,
1.9319319319,0.5294504794,,,,,,,,
1.9419419419,0.4856131474,,,,,,,,
1.951951952,0.4302369737,,,,,,,,
1.961961962,0.372274556,,,,,,,,
1.971971972,0.2980350746,,,,,,,,
1.981981982,0.2119523796,,,,,,,,
1.991991992,0.1317569717,,,,,,,,
2.0020020020,0.0514719053,,,,,,,,
2.0120120120,-0.0461990135,,,,,,,,
2.0220220220,-0.1405946718,,,,,,,,
2.0320320320,-0.2259516243,,,,,,,,
2.0420420420,-0.3008420675,,,,,,,,
2.0520520521,-0.3888696753,,,,,,,,
2.0620620621,-0.4677803507,,,,,,,,
2.0720720721,-0.5316690095,,,,,,,,
2.0820820821,-0.5798463016,,,,,,,,
2.0920920921,-0.6217285822,,,,,,,,
2.1021021021,-0.6902284152,,,,,,,,
2.1121121121,-0.7529670473,,,,,,,,
2.1221221221,-0.8224110030,,,,,,,,
2.1321321321,-0.8880524327,,,,,,,,
2.1421421421,-0.9289714546,,,,,,,,
2.1521521522,-0.9553059204,,,,,,,,
2.1621621622,-0.9895526287,,,,,,,,
2.1721721722,-1.0144137188,,,,,,,,
2.1821821822,-1.0508490444,,,,,,,,
2.1921921922,-1.0803678395,,,,,,,,
2.2022022022,-1.1251685635,,,,,,,,
2.2122122122,-1.1644868551,,,,,,,,
2.2222222222,-1.1947862616,,,,,,,,
2.2322322322,-1.1902257263,,,,,,,,
2.2422422422,-1.1944328069,,,,,,,,
2.2522522523,-1.1987414441,,,,,,,,
2.2622622623,-1.2096674362,,,,,,,,
2.2722722723,-1.2196783844,,,,,,,,
2.2822822823,-1.2215762819,,,,,,,,
2.2922922923,-1.2256361904,,,,,,,,
2.3023023023,-1.2318612962,,,,,,,,
2.3123123123,-1.2269238786,,,,,,,,
2.3223223223,-1.1882704112,,,,,,,,
2.3323323323,-1.177261861,,,,,,,,
2.3423423423,-1.1583121502,,,,,,,,
2.3523523524,-1.1402191165,,,,,,,,
2.3623623624,-1.1248877555,,,,,,,,
2.3723723724,-1.115506834,,,,,,,,
2.3823823824,-1.0969964476,,,,,,,,
2.3923923924,-1.0936788048,,,,,,,,
2.4024024024,-1.0706566175,,,,,,,,
2.4124124124,-1.0530138052,,,,,,,,
2.4224224224,-1.0520892893,,,,,,,,
2.4324324324,-1.0194837871,,,,,,,,
2.4424424424,-0.9814261954,,,,,,,,
2.4524524525,-0.9684166223,,,,,,,,
2.4624624625,-0.9446398889,,,,,,,,
2.4724724725,-0.9242206911,,,,,,,,
2.4824824825,-0.9000508268,,,,,,,,
2.4924924925,-0.881612237,,,,,,,,
2.5025025025,-0.8748241679,,,,,,,,
2.5125125125,-0.8367326055,,,,,,,,
2.5225225225,-0.7921372953,,,,,,,,
2.5325325325,-0.7671225811,,,,,,,,
2.5425425425,-0.7722241298,,,,,,,,
2.5525525526,-0.7490334322,,,,,,,,
2.5625625626,-0.7418793912,,,,,,,,
2.5725725726,-0.7286416847,,,,,,,,
2.5825825826,-0.7204174279,,,,,,,,
2.5925925926,-0.6884334528,,,,,,,,
2.6026026026,-0.6652357302,,,,,,,,
2.6126126126,-0.6429364394,,,,,,,,
2.6226226226,-0.6193101589,,,,,,,,
2.6326326326,-0.599778552,,,,,,,,
2.6426426426,-0.5653831169,,,,,,,,
2.6526526527,-0.5431936607,,,,,,,,
2.6626626627,-0.5019571201,,,,,,,,
2.6726726727,-0.5015502418,,,,,,,,
2.6826826827,-0.4744628352,,,,,,,,
2.6926926927,-0.4612440883,,,,,,,,
2.7027027027,-0.4436064300,,,,,,,,
2.7127127127,-0.4265375415,,,,,,,,
2.7227227227,-0.4033091082,,,,,,,,
2.7327327327,-0.3756141247,,,,,,,,
2.7427427427,-0.3752871132,,,,,,,,
2.7527527528,-0.3440795906,,,,,,,,
2.7627627628,-0.3526176982,,,,,,,,
2.7727727728,-0.3140442816,,,,,,,,
2.7827827828,-0.2946019737,,,,,,,,
2.7927927928,-0.2693010372,,,,,,,,
2.8028028028,-0.2484982575,,,,,,,,
2.8128128128,-0.2129417385,,,,,,,,
2.8228228228,-0.2015520724,,,,,,,,
2.8328328328,-0.2072792703,,,,,,,,
2.8428428428,-0.1851099442,,,,,,,,
2.8528528529,-0.1623651645,,,,,,,,
2.8628628629,-0.1390948827,,,,,,,,
2.8728728729,-0.1491502741,,,,,,,,
2.8828828829,-0.1138941902,,,,,,,,
2.8928928929,-0.0992848376,,,,,,,,
2.9029029029,-0.0895597740,,,,,,,,
2.9129129129,-0.0870452923,,,,,,,,
2.9229229229,-0.0735685032,,,,,,,,
2.9329329329,-0.0541515229,,,,,,,,
2.9429429429,-0.0326820407,,,,,,,,
2.952952953,-0.0171793575,,,,,,,,
2.962962963,-0.0297412828,,,,,,,,
2.972972973,0.0035010306,,,,,,,,
2.982982983,0.0139703747,,,,,,,,
2.992992993,0.0143218967,,,,,,,,
3.0030030030,0.0361243441,,,,,,,,
3.0130130130,0.053735772,,,,,,,,
3.0230230230,0.069272128,,,,,,,,
3.0330330330,0.0625837578,,,,,,,,
3.0430430430,0.0742508510,,,,,,,,
3.0530530531,0.0707977776,,,,,,,,
3.0630630631,0.0888841441,,,,,,,,
3.0730730731,0.1192173885,,,,,,,,
3.0830830831,0.1357039867,,,,,,,,
3.0930930931,0.1606180637,,,,,,,,
3.1031031031,0.1781021797,,,,,,,,
3.1131131131,0.1880216842,,,,,,,,
3.1231231231,0.1914441756,,,,,,,,
3.1331331331,0.2076784317,,,,,,,,
3.1431431431,0.2215323397,,,,,,,,
3.1531531532,0.2391045985,,,,,,,,
3.1631631632,0.2689176023,,,,,,,,
3.1731731732,0.2758706291,,,,,,,,
3.1831831832,0.2906090359,,,,,,,,
3.1931931932,0.3028353678,,,,,,,,
3.2032032032,0.3111486978,,,,,,,,
3.2132132132,0.3220550605,,,,,,,,
3.2232232232,0.3246794194,,,,,,,,
3.2332332332,0.3612528066,,,,,,,,
3.2432432432,0.3879430470,,,,,,,,
3.2532532533,0.4167954199,,,,,,,,
3.2632632633,0.4531461557,,,,,,,,
3.2732732733,0.4790699916,,,,,,,,
3.2832832833,0.5073081876,,,,,,,,
3.2932932933,0.5227765042,,,,,,,,
3.3033033033,0.5070236375,,,,,,,,
3.3133133133,0.5069374544,,,,,,,,
3.3233233233,0.5153218236,,,,,,,,
3.3333333333,0.5202050172,,,,,,,,
3.3433433433,0.5305100197,,,,,,,,
3.3533533534,0.5666646073,,,,,,,,
3.3633633634,0.6048799147,,,,,,,,
3.3733733734,0.6588645708,,,,,,,,
3.3833833834,0.6979029583,,,,,,,,
3.3933933934,0.7028202797,,,,,,,,
3.4034034034,0.7251131236,,,,,,,,
3.4134134134,0.7254042392,,,,,,,,
3.4234234234,0.7354261439,,,,,,,,
3.4334334334,0.7366428328,,,,,,,,
3.4434434434,0.7667305872,,,,,,,,
3.4534534535,0.8123393413,,,,,,,,
3.4634634635,0.8497157542,,,,,,,,
3.4734734735,0.8636975738,,,,,,,,
3.4834834835,0.8887946202,,,,,,,,
3.4934934935,0.9106775806,,,,,,,,
3.5035035035,0.9280865558,,,,,,,,
3.5135135135,0.946999967,,,,,,,,
3.5235235235,0.9543148892,,,,,,,,
3.5335335335,0.9704681838,,,,,,,,
3.5435435435,0.9875806926,,,,,,,,
3.5535535536,1.0056503987,,,,,,,,
3.5635635636,1.0229690285,,,,,,,,
3.5735735736,1.0617746099,,,,,,,,
3.5835835836,1.0992607713,,,,,,,,
3.5935935936,1.1375038731,,,,,,,,
3.6036036036,1.1717339629,,,,,,,,
3.6136136136,1.1877815418,,,,,,,,
3.6236236236,1.2019763169,,,,,,,,
3.6336336336,1.2050268926,,,,,,,,
3.6436436436,1.2151983241,,,,,,,,
3.6536536537,1.2145782616,,,,,,,,
3.6636636637,1.2176063440,,,,,,,,
3.6736736737,1.2164937345,,,,,,,,
3.6836836837,1.2270893562,,,,,,,,
3.6936936937,1.2338070929,,,,,,,,
3.7037037037,1.2417936017,,,,,,,,
3.7137137137,1.2500715058,,,,,,,,
3.7237237237,1.2677335571,,,,,,,,
3.7337337337,1.2659505572,,,,,,,,
3.7437437437,1.2452935914,,,,,,,,
3.7537537538,1.2479301609,,,,,,,,
3.7637637638,1.2145757328,,,,,,,,
3.7737737738,1.2078472634,,,,,,,,
3.7837837838,1.1735290854,,,,,,,,
3.7937937938,1.1315190023,,,,,,,,
3.8038038038,1.1061946731,,,,,,,,
3.8138138138,1.0771173930,,,,,,,,
3.8238238238,1.0294464926,,,,,,,,
3.8338338338,0.9697227805,,,,,,,,
3.8438438438,0.9468381687,,,,,,,,
3.8538538539,0.9059024469,,,,,,,,
3.8638638639,0.8884875160,,,,,,,,
3.8738738739,0.8452355264,,,,,,,,
3.8838838839,0.8038063838,,,,,,,,
3.8938938939,0.7516190192,,,,,,,,
3.9039039039,0.6822576617,,,,,,,,
3.9139139139,0.5973174284,,,,,,,,
3.9239239239,0.5037881358,,,,,,,,
3.9339339339,0.4400318730,,,,,,,,
3.9439439439,0.3815427657,,,,,,,,
3.953953954,0.3378320669,,,,,,,,
3.963963964,0.2842449147,,,,,,,,
3.973973974,0.2098551928,,,,,,,,
3.983983984,0.1232001561,,,,,,,,
3.993993994,0.0475410417,,,,,,,,
4.0040040040,-0.0611388194,,,,,,,,
4.0140140140,-0.1585304992,,,,,,,,
4.0240240240,-0.238919155,,,,,,,,
4.0340340340,-0.3056555835,,,,,,,,
4.0440440440,-0.3649572598,,,,,,,,
4.0540540541,-0.4336811390,,,,,,,,
4.0640640641,-0.5277523027,,,,,,,,
4.0740740741,-0.592423779,,,,,,,,
4.0840840841,-0.6528333433,,,,,,,,
4.0940940941,-0.7395985937,,,,,,,,
4.1041041041,-0.7942471686,,,,,,,,
4.1141141141,-0.8322140549,,,,,,,,
4.1241241241,-0.8666972389,,,,,,,,
4.1341341341,-0.9061950802,,,,,,,,
4.1441441441,-0.9438876482,,,,,,,,
4.1541541542,-0.9828436383,,,,,,,,
4.1641641642,-1.0046828616,,,,,,,,
4.1741741742,-1.0249403411,,,,,,,,
4.1841841842,-1.0774089233,,,,,,,,
4.1941941942,-1.1109213208,,,,,,,,
4.2042042042,-1.1480921083,,,,,,,,
4.2142142142,-1.1883126386,,,,,,,,
4.2242242242,-1.2075420035,,,,,,,,
4.2342342342,-1.2379851382,,,,,,,,
4.2442442442,-1.2573287756,,,,,,,,
4.2542542543,-1.2605033715,,,,,,,,
4.2642642643,-1.2510771879,,,,,,,,
4.2742742743,-1.2787672677,,,,,,,,
4.2842842843,-1.2791676448,,,,,,,,
4.2942942943,-1.2672338776,,,,,,,,
4.3043043043,-1.2588075573,,,,,,,,
4.3143143143,-1.2315704968,,,,,,,,
4.3243243243,-1.2243405616,,,,,,,,
4.3343343343,-1.2124249635,,,,,,,,
4.3443443443,-1.1845281071,,,,,,,,
4.3543543544,-1.1598766494,,,,,,,,
4.3643643644,-1.1495034184,,,,,,,,
4.3743743744,-1.1359371015,,,,,,,,
4.3843843844,-1.1231705746,,,,,,,,
4.3943943944,-1.1233791656,,,,,,,,
4.4044044044,-1.1057866875,,,,,,,,
4.4144144144,-1.0838576969,,,,,,,,
4.4244244244,-1.0560877781,,,,,,,,
4.4344344344,-1.0259160742,,,,,,,,
4.4444444444,-1.0039589023,,,,,,,,
4.4544544545,-0.9802861773,,,,,,,,
4.4644644645,-0.9808920184,,,,,,,,
4.4744744745,-0.9680966055,,,,,,,,
4.4844844845,-0.9476465279,,,,,,,,
4.4944944945,-0.9151533174,,,,,,,,
4.5045045045,-0.8915168654,,,,,,,,
4.5145145145,-0.8374122057,,,,,,,,
4.5245245245,-0.7940336272,,,,,,,,
4.5345345345,-0.7826641530,,,,,,,,
4.5445445445,-0.7671207444,,,,,,,,
4.5545545546,-0.7629767927,,,,,,,,
4.5645645646,-0.7477873114,,,,,,,,
4.5745745746,-0.7393007022,,,,,,,,
4.5845845846,-0.7329439344,,,,,,,,
4.5945945946,-0.7164899475,,,,,,,,
4.6046046046,-0.6894896662,,,,,,,,
4.6146146146,-0.6399839786,,,,,,,,
4.6246246246,-0.6192759925,,,,,,,,
4.6346346346,-0.5841509609,,,,,,,,
4.6446446446,-0.5736147308,,,,,,,,
4.6546546547,-0.5518602311,,,,,,,,
4.6646646647,-0.5542282925,,,,,,,,
4.6746746747,-0.5559644893,,,,,,,,
4.6846846847,-0.5470079314,,,,,,,,
4.6946946947,-0.5530201288,,,,,,,,
4.7047047047,-0.5058784358,,,,,,,,
4.7147147147,-0.4677197261,,,,,,,,
4.7247247247,-0.4117150993,,,,,,,,
4.7347347347,-0.3923081967,,,,,,,,
4.7447447447,-0.3500553961,,,,,,,,
4.7547547548,-0.3329998367,,,,,,,,
4.7647647648,-0.3153405716,,,,,,,,
4.7747747748,-0.2911440152,,,,,,,,
4.7847847848,-0.2915986171,,,,,,,,
4.7947947948,-0.2851269687,,,,,,,,
4.8048048048,-0.2590609831,,,,,,,,
4.8148148148,-0.2615913367,,,,,,,,
4.8248248248,-0.2662548516,,,,,,,,
4.8348348348,-0.2502269212,,,,,,,,
4.8448448448,-0.2366343192,,,,,,,,
4.8548548549,-0.2101979157,,,,,,,,
4.8648648649,-0.1843684082,,,,,,,,
4.8748748749,-0.1797889111,,,,,,,,
4.8848848849,-0.1683954269,,,,,,,,
4.8948948949,-0.1430116558,,,,,,,,
4.9049049049,-0.1258412282,,,,,,,,
4.9149149149,-0.0859102699,,,,,,,,
4.9249249249,-0.0575132806,,,,,,,,
4.9349349349,-0.0381068489,,,,,,,,
4.9449449449,-0.0305507205,,,,,,,,
4.954954955,-0.041329574,,,,,,,,
4.964964965,-0.0514448053,,,,,,,,
4.974974975,-0.056708066,,,,,,,,
4.984984985,-0.0414375927,,,,,,,,
4.994994995,-0.0027744376,,,,,,,,
5.0050050050,0.0238118966,,,,,,,,
5.0150150150,0.0458686234,,,,,,,,
5.0250250250,0.0561472362,,,,,,,,
5.0350350350,0.0486228866,,,,,,,,
5.0450450450,0.0311037794,,,,,,,,
5.0550550551,0.0349541360,,,,,,,,
5.0650650651,0.0452374271,,,,,,,,
5.0750750751,0.0930554631,,,,,,,,
5.0850850851,0.1308409707,,,,,,,,
5.0950950951,0.1522738775,,,,,,,,
5.1051051051,0.1677895756,,,,,,,,
5.1151151151,0.173199132,,,,,,,,
5.1251251251,0.1721043798,,,,,,,,
5.1351351351,0.1749159141,,,,,,,,
5.1451451451,0.1922008103,,,,,,,,
5.1551551552,0.2338486549,,,,,,,,
5.1651651652,0.2883079634,,,,,,,,
5.1751751752,0.3190161423,,,,,,,,
5.1851851852,0.3177874610,,,,,,,,
5.1951951952,0.3063833466,,,,,,,,
5.2052052052,0.3065976400,,,,,,,,
5.2152152152,0.298611644,,,,,,,,
5.2252252252,0.307197961,,,,,,,,
5.2352352352,0.3424265074,,,,,,,,
5.2452452452,0.3693273341,,,,,,,,
5.2552552553,0.4119364426,,,,,,,,
5.2652652653,0.4242141067,,,,,,,,
5.2752752753,0.4263574769,,,,,,,,
5.2852852853,0.4419570335,,,,,,,,
5.2952952953,0.4715907154,,,,,,,,
5.3053053053,0.4794854359,,,,,,,,
5.3153153153,0.4994100921,,,,,,,,
5.3253253253,0.5346475743,,,,,,,,
5.3353353353,0.5405754409,,,,,,,,
5.3453453453,0.5691050104,,,,,,,,
5.3553553554,0.5695021845,,,,,,,,
5.3653653654,0.5938601703,,,,,,,,
5.3753753754,0.6216098874,,,,,,,,
5.3853853854,0.6413754088,,,,,,,,
5.3953953954,0.6693442339,,,,,,,,
5.4054054054,0.6955180480,,,,,,,,
5.4154154154,0.7131910089,,,,,,,,
5.4254254254,0.7542684595,,,,,,,,
5.4354354354,0.7611513674,,,,,,,,
5.4454454454,0.7864006341,,,,,,,,
5.4554554555,0.8087602367,,,,,,,,
5.4654654655,0.8195285302,,,,,,,,
5.4754754755,0.8301103101,,,,,,,,
5.4854854855,0.8714501762,,,,,,,,
5.4954954955,0.9024534941,,,,,,,,
5.5055055055,0.9174912274,,,,,,,,
5.5155155155,0.972703434,,,,,,,,
5.5255255255,0.9673615109,,,,,,,,
5.5355355355,0.9939237762,,,,,,,,
5.5455455455,0.9985710839,,,,,,,,
5.5555555556,0.9940815306,,,,,,,,
5.5655655656,1.0159730730,,,,,,,,
5.5755755756,1.0488853356,,,,,,,,
5.5855855856,1.0870141371,,,,,,,,
5.5955955956,1.1042240610,,,,,,,,
5.6056056056,1.1351446769,,,,,,,,
5.6156156156,1.1386984221,,,,,,,,
5.6256256256,1.156382211,,,,,,,,
5.6356356356,1.1658865909,,,,,,,,
5.6456456456,1.1684113850,,,,,,,,
5.6556556557,1.1996717923,,,,,,,,
5.6656656657,1.2338687341,,,,,,,,
5.6756756757,1.2495602917,,,,,,,,
5.6856856857,1.2412544433,,,,,,,,
5.6956956957,1.2359724348,,,,,,,,
5.7057057057,1.2401725828,,,,,,,,
5.7157157157,1.2427568748,,,,,,,,
5.7257257257,1.2438636041,,,,,,,,
5.7357357357,1.2293540909,,,,,,,,
5.7457457457,1.2147703940,,,,,,,,
5.7557557558,1.2247566539,,,,,,,,
5.7657657658,1.1921679353,,,,,,,,
5.7757757758,1.1656273914,,,,,,,,
5.7857857858,1.1333213238,,,,,,,,
5.7957957958,1.1190635555,,,,,,,,
5.8058058058,1.0970155869,,,,,,,,
5.8158158158,1.0659685025,,,,,,,,
5.8258258258,1.0232655506,,,,,,,,
5.8358358358,0.9915719468,,,,,,,,
5.8458458458,0.9837795622,,,,,,,,
5.8558558559,0.9152684804,,,,,,,,
5.8658658659,0.8556378021,,,,,,,,
5.8758758759,0.7933641414,,,,,,,,
5.8858858859,0.7484387088,,,,,,,,
5.8958958959,0.6823688516,,,,,,,,
5.9059059059,0.6181767669,,,,,,,,
5.9159159159,0.5615220178,,,,,,,,
5.9259259259,0.5085458403,,,,,,,,
5.9359359359,0.4536537629,,,,,,,,
5.9459459459,0.3573231761,,,,,,,,
5.955955956,0.2859130090,,,,,,,,
5.965965966,0.2007338214,,,,,,,,
5.975975976,0.1245474610,,,,,,,,
5.985985986,0.0294347109,,,,,,,,
5.995995996,-0.0434044382,,,,,,,,
6.0060060060,-0.1203926182,,,,,,,,
6.0160160160,-0.2022559908,,,,,,,,
6.0260260260,-0.2697476581,,,,,,,,
6.0360360360,-0.3567074038,,,,,,,,
6.0460460460,-0.4283260443,,,,,,,,
6.0560560561,-0.5040197202,,,,,,,,
6.0660660661,-0.5717232738,,,,,,,,
6.0760760761,-0.6566578671,,,,,,,,
6.0860860861,-0.7186230753,,,,,,,,
6.0960960961,-0.7755856431,,,,,,,,
6.1061061061,-0.8270644776,,,,,,,,
6.1161161161,-0.8648330204,,,,,,,,
6.1261261261,-0.9129312064,,,,,,,,
6.1361361361,-0.9488290522,,,,,,,,
6.1461461461,-0.9641966284,,,,,,,,
6.1561561562,-1.0152678192,,,,,,,,
6.1661661662,-1.0632461153,,,,,,,,
6.1761761762,-1.1018330126,,,,,,,,
6.1861861862,-1.1323124194,,,,,,,,
6.1961961962,-1.1672945811,,,,,,,,
6.2062062062,-1.192606868,,,,,,,,
6.2162162162,-1.2268892199,,,,,,,,
6.2262262262,-1.2574397088,,,,,,,,
6.2362362362,-1.2496011824,,,,,,,,
6.2462462462,-1.2609255735,,,,,,,,
6.2562562563,-1.2514131261,,,,,,,,
6.2662662663,-1.2523910106,,,,,,,,
6.2762762763,-1.2534853199,,,,,,,,
6.2862862863,-1.2468033866,,,,,,,,
6.2962962963,-1.2427757919,,,,,,,,
6.3063063063,-1.2562620373,,,,,,,,
6.3163163163,-1.2528394249,,,,,,,,
6.3263263263,-1.240204116,,,,,,,,
6.3363363363,-1.2320682597,,,,,,,,
6.3463463463,-1.2171666672,,,,,,,,
6.3563563564,-1.193446333,,,,,,,,
6.3663663664,-1.1760857207,,,,,,,,
6.3763763764,-1.1436888333,,,,,,,,
6.3863863864,-1.1051914133,,,,,,,,
6.3963963964,-1.0808698384,,,,,,,,
6.4064064064,-1.0655258937,,,,,,,,
6.4164164164,-1.0727179506,,,,,,,,
6.4264264264,-1.0644638781,,,,,,,,
6.4364364364,-1.0496561195,,,,,,,,
6.4464464464,-1.0379236122,,,,,,,,
6.4564564565,-1.0179060825,,,,,,,,
6.4664664665,-0.9701628879,,,,,,,,
6.4764764765,-0.9427544102,,,,,,,,
6.4864864865,-0.9266494985,,,,,,,,
6.4964964965,-0.9143285580,,,,,,,,
6.5065065065,-0.9005676315,,,,,,,,
6.5165165165,-0.8693339658,,,,,,,,
6.5265265265,-0.8390380802,,,,,,,,
6.5365365365,-0.8287837915,,,,,,,,
6.5465465465,-0.7963461215,,,,,,,,
6.5565565566,-0.7697528471,,,,,,,,
6.5665665666,-0.771763142,,,,,,,,
6.5765765766,-0.7720261263,,,,,,,,
6.5865865866,-0.7573789412,,,,,,,,
6.5965965966,-0.7335856606,,,,,,,,
6.6066066066,-0.7013617163,,,,,,,,
6.6166166166,-0.6714715713,,,,,,,,
6.6266266266,-0.6541737918,,,,,,,,
6.6366366366,-0.609269199,,,,,,,,
6.6466466466,-0.5933592226,,,,,,,,
6.6566566567,-0.5727851868,,,,,,,,
6.6666666667,-0.5576220149,,,,,,,,
6.6766766767,-0.5405953974,,,,,,,,
6.6866866867,-0.5350482425,,,,,,,,
6.6966966967,-0.5368681778,,,,,,,,
6.7067067067,-0.5341176881,,,,,,,,
6.7167167167,-0.5119703127,,,,,,,,
6.7267267267,-0.4830828733,,,,,,,,
6.7367367367,-0.4676932078,,,,,,,,
6.7467467467,-0.4192005335,,,,,,,,
6.7567567568,-0.3674847243,,,,,,,,
6.7667667668,-0.3442903373,,,,,,,,
6.7767767768,-0.3266727487,,,,,,,,
6.7867867868,-0.3109760419,,,,,,,,
6.7967967968,-0.2826607379,,,,,,,,
6.8068068068,-0.2522313150,,,,,,,,
6.8168168168,-0.2798371242,,,,,,,,
6.8268268268,-0.2639243274,,,,,,,,
6.8368368368,-0.2563096290,,,,,,,,
6.8468468468,-0.2603714163,,,,,,,,
6.8568568569,-0.2483228845,,,,,,,,
6.8668668669,-0.2240563263,,,,,,,,
6.8768768769,-0.1810265806,,,,,,,,
6.8868868869,-0.1413915545,,,,,,,,
6.8968968969,-0.1288722850,,,,,,,,
6.9069069069,-0.1554603937,,,,,,,,
6.9169169169,-0.1313328394,,,,,,,,
6.9269269269,-0.1352759607,,,,,,,,
6.9369369369,-0.1428572409,,,,,,,,
6.9469469469,-0.1236416754,,,,,,,,
6.956956957,-0.0893200174,,,,,,,,
6.966966967,-0.0524201673,,,,,,,,
6.976976977,-0.0411323905,,,,,,,,
6.986986987,-0.0522885558,,,,,,,,
6.996996997,-0.0472746811,,,,,,,,
7.0070070070,-0.0317206165,,,,,,,,
7.0170170170,-0.0035044933,,,,,,,,
7.0270270270,0.0258795737,,,,,,,,
7.0370370370,0.0517850662,,,,,,,,
7.0470470470,0.0994407323,,,,,,,,
7.0570570571,0.1267218902,,,,,,,,
7.0670670671,0.1291663635,,,,,,,,
7.0770770771,0.1308461075,,,,,,,,
7.0870870871,0.1341843508,,,,,,,,
7.0970970971,0.1205044276,,,,,,,,
7.1071071071,0.1409676648,,,,,,,,
7.1171171171,0.1618540737,,,,,,,,
7.1271271271,0.1692459373,,,,,,,,
7.1371371371,0.1815473682,,,,,,,,
7.1471471471,0.2056192307,,,,,,,,
7.1571571572,0.2161934312,,,,,,,,
7.1671671672,0.2362292041,,,,,,,,
7.1771771772,0.2402215451,,,,,,,,
7.1871871872,0.2487246482,,,,,,,,
7.1971971972,0.2782233044,,,,,,,,
7.2072072072,0.290856528,,,,,,,,
7.2172172172,0.2944682234,,,,,,,,
7.2272272272,0.2863924398,,,,,,,,
7.2372372372,0.3090039149,,,,,,,,
7.2472472472,0.3326853499,,,,,,,,
7.2572572573,0.3666023434,,,,,,,,
7.2672672673,0.3967591493,,,,,,,,
7.2772772773,0.4275074423,,,,,,,,
7.2872872873,0.4560943547,,,,,,,,
7.2972972973,0.4490707513,,,,,,,,
7.3073073073,0.4780697059,,,,,,,,
7.3173173173,0.4714431282,,,,,,,,
7.3273273273,0.4959008748,,,,,,,,
7.3373373373,0.5129314968,,,,,,,,
7.3473473473,0.5413536965,,,,,,,,
7.3573573574,0.5613566266,,,,,,,,
7.3673673674,0.5725090216,,,,,,,,
7.3773773774,0.5682174922,,,,,,,,
7.3873873874,0.5805015758,,,,,,,,
7.3973973974,0.6333108434,,,,,,,,
7.4074074074,0.6449128793,,,,,,,,
7.4174174174,0.6843964926,,,,,,,,
7.4274274274,0.7080380062,,,,,,,,
7.4374374374,0.7549380267,,,,,,,,
7.4474474474,0.7715109269,,,,,,,,
7.4574574575,0.7811491854,,,,,,,,
7.4674674675,0.7984294511,,,,,,,,
7.4774774775,0.8203567107,,,,,,,,
7.4874874875,0.8335131277,,,,,,,,
7.4974974975,0.8582438351,,,,,,,,
7.5075075075,0.8876917162,,,,,,,,
7.5175175175,0.9198138951,,,,,,,,
7.5275275275,0.9687492271,,,,,,,,
7.5375375375,0.9824888229,,,,,,,,
7.5475475475,1.0112545196,,,,,,,,
7.5575575576,1.0298400364,,,,,,,,
7.5675675676,1.0188188474,,,,,,,,
7.5775775776,1.0181939184,,,,,,,,
7.5875875876,1.0420532004,,,,,,,,
7.5975975976,1.0550408208,,,,,,,,
7.6076076076,1.0900300666,,,,,,,,
7.6176176176,1.1178207867,,,,,,,,
7.6276276276,1.1350371967,,,,,,,,
7.6376376376,1.1490202194,,,,,,,,
7.6476476476,1.1652929354,,,,,,,,
7.6576576577,1.1783234359,,,,,,,,
7.6676676677,1.1861501891,,,,,,,,
7.6776776777,1.2018992318,,,,,,,,
7.6876876877,1.2011416936,,,,,,,,
7.6976976977,1.2109789244,,,,,,,,
7.7077077077,1.2071288584,,,,,,,,
7.7177177177,1.1857195550,,,,,,,,
7.7277277277,1.1658671667,,,,,,,,
7.7377377377,1.1723126865,,,,,,,,
7.7477477477,1.1543079004,,,,,,,,
7.7577577578,1.1292972415,,,,,,,,
7.7677677678,1.1248241063,,,,,,,,
7.7777777778,1.1140410192,,,,,,,,
7.7877877878,1.1217507669,,,,,,,,
7.7977977978,1.1068184677,,,,,,,,
7.8078078078,1.0764952703,,,,,,,,
7.8178178178,1.0493696128,,,,,,,,
7.8278278278,1.0188420764,,,,,,,,
7.8378378378,0.9753405506,,,,,,,,
7.8478478478,0.9157792112,,,,,,,,
7.8578578579,0.8714714368,,,,,,,,
7.8678678679,0.8155515353,,,,,,,,
7.8778778779,0.7666754106,,,,,,,,
7.8878878879,0.6831246915,,,,,,,,
7.8978978979,0.6280474753,,,,,,,,
7.9079079079,0.5654691751,,,,,,,,
7.9179179179,0.4985730204,,,,,,,,
7.9279279279,0.4422582409,,,,,,,,
7.9379379379,0.3609961419,,,,,,,,
7.9479479479,0.2872183355,,,,,,,,
7.957957958,0.193237911,,,,,,,,
7.967967968,0.1178216467,,,,,,,,
7.977977978,0.0426694214,,,,,,,,
7.987987988,-0.0113349437,,,,,,,,
7.997997998,-0.0871763354,,,,,,,,
8.0080080080,-0.1596904182,,,,,,,,
8.0180180180,-0.2254271880,,,,,,,,
8.0280280280,-0.2995412585,,,,,,,,
8.0380380380,-0.3694354521,,,,,,,,
8.0480480480,-0.4677272684,,,,,,,,
8.0580580581,-0.5450747733,,,,,,,,
8.0680680681,-0.6258266861,,,,,,,,
8.0780780781,-0.7042711272,,,,,,,,
8.0880880881,-0.7704223863,,,,,,,,
8.0980980981,-0.8312168561,,,,,,,,
8.1081081081,-0.8898927105,,,,,,,,
8.1181181181,-0.9189236887,,,,,,,,
8.1281281281,-0.96272251,,,,,,,,
8.1381381381,-1.0020933151,,,,,,,,
8.1481481481,-1.0465142312,,,,,,,,
8.1581581582,-1.0973488114,,,,,,,,
8.1681681682,-1.1397250571,,,,,,,,
8.1781781782,-1.1693580198,,,,,,,,
8.1881881882,-1.2167803824,,,,,,,,
8.1981981982,-1.2577870935,,,,,,,,
8.2082082082,-1.2854502138,,,,,,,,
8.2182182182,-1.3203985888,,,,,,,,
8.2282282282,-1.333412422,,,,,,,,
8.2382382382,-1.3397928914,,,,,,,,
8.2482482482,-1.3235859794,,,,,,,,
8.2582582583,-1.3149280082,,,,,,,,
8.2682682683,-1.3068412888,,,,,,,,
8.2782782783,-1.2990515120,,,,,,,,
8.2882882883,-1.2976981983,,,,,,,,
8.2982982983,-1.3075216523,,,,,,,,
8.3083083083,-1.3194411220,,,,,,,,
8.3183183183,-1.3213276518,,,,,,,,
8.3283283283,-1.3115991253,,,,,,,,
8.3383383383,-1.3022487393,,,,,,,,
8.3483483483,-1.3008013167,,,,,,,,
8.3583583584,-1.2919040092,,,,,,,,
8.3683683684,-1.2692285930,,,,,,,,
8.3783783784,-1.2587894186,,,,,,,,
8.3883883884,-1.2478960260,,,,,,,,
8.3983983984,-1.2164808474,,,,,,,,
8.4084084084,-1.1742272186,,,,,,,,
8.4184184184,-1.1555177185,,,,,,,,
8.4284284284,-1.1318493067,,,,,,,,
8.4384384384,-1.1104220884,,,,,,,,
8.4484484484,-1.1008227636,,,,,,,,
8.4584584585,-1.0818928832,,,,,,,,
8.4684684685,-1.0945343606,,,,,,,,
8.4784784785,-1.1046729991,,,,,,,,
8.4884884885,-1.0878018925,,,,,,,,
8.4984984985,-1.0783170879,,,,,,,,
8.5085085085,-1.0724667472,,,,,,,,
8.5185185185,-1.0431865803,,,,,,,,
8.5285285285,-1.0268132330,,,,,,,,
8.5385385385,-1.0048513579,,,,,,,,
8.5485485485,-0.9712373055,,,,,,,,
8.5585585586,-0.9593938679,,,,,,,,
8.5685685686,-0.9282756232,,,,,,,,
8.5785785786,-0.8877066719,,,,,,,,
8.5885885886,-0.8562509176,,,,,,,,
8.5985985986,-0.8274910904,,,,,,,,
8.6086086086,-0.7905482375,,,,,,,,
8.6186186186,-0.7809444434,,,,,,,,
8.6286286286,-0.7715854781,,,,,,,,
8.6386386386,-0.7580724072,,,,,,,,
8.6486486486,-0.7619607245,,,,,,,,
8.6586586587,-0.7469513528,,,,,,,,
8.6686686687,-0.719713949,,,,,,,,
8.6786786787,-0.6991258715,,,,,,,,
8.6886886887,-0.675620216,,,,,,,,
8.6986986987,-0.6611165445,,,,,,,,
8.7087087087,-0.6451446611,,,,,,,,
8.7187187187,-0.6363244079,,,,,,,,
8.7287287287,-0.6202627691,,,,,,,,
8.7387387387,-0.6291915247,,,,,,,,
8.7487487487,-0.6115626053,,,,,,,,
8.7587587588,-0.6065122756,,,,,,,,
8.7687687688,-0.5881801447,,,,,,,,
8.7787787788,-0.5761984532,,,,,,,,
8.7887887888,-0.5668229170,,,,,,,,
8.7987987988,-0.5399910688,,,,,,,,
8.8088088088,-0.5279213716,,,,,,,,
8.8188188188,-0.5224666226,,,,,,,,
8.8288288288,-0.5082293033,,,,,,,,
8.8388388388,-0.4931553628,,,,,,,,
8.8488488488,-0.4896477231,,,,,,,,
8.8588588589,-0.4668936551,,,,,,,,
8.8688688689,-0.4663954787,,,,,,,,
8.8788788789,-0.4562441059,,,,,,,,
8.8888888889,-0.4351745626,,,,,,,,
8.8988988989,-0.4167674169,,,,,,,,
8.9089089089,-0.4292677721,,,,,,,,
8.9189189189,-0.4002285074,,,,,,,,
8.9289289289,-0.3844339137,,,,,,,,
8.9389389389,-0.3906271957,,,,,,,,
8.9489489489,-0.3754660225,,,,,,,,
8.958958959,-0.3649084393,,,,,,,,
8.968968969,-0.3610040438,,,,,,,,
8.978978979,-0.3563679304,,,,,,,,
8.988988989,-0.3520115178,,,,,,,,
8.998998999,-0.3564574278,,,,,,,,
9.0090090090,-0.3478584577,,,,,,,,
9.0190190190,-0.3328358378,,,,,,,,
9.0290290290,-0.3334386229,,,,,,,,
9.0390390390,-0.3142826683,,,,,,,,
9.0490490490,-0.3029141572,,,,,,,,
9.0590590591,-0.2879282971,,,,,,,,
9.0690690691,-0.2798211853,,,,,,,,
9.0790790791,-0.2858177116,,,,,,,,
9.0890890891,-0.2706049311,,,,,,,,
9.0990990991,-0.2837077075,,,,,,,,
9.1091091091,-0.2869791977,,,,,,,,
9.1191191191,-0.2881361251,,,,,,,,
9.1291291291,-0.2972812762,,,,,,,,
9.1391391391,-0.2920421567,,,,,,,,
9.1491491491,-0.2666332657,,,,,,,,
9.1591591592,-0.2476570444,,,,,,,,
9.1691691692,-0.2573131764,,,,,,,,
9.1791791792,-0.236424293,,,,,,,,
9.1891891892,-0.2281017125,,,,,,,,
9.1991991992,-0.2253398433,,,,,,,,
9.2092092092,-0.2189639759,,,,,,,,
9.2192192192,-0.1937702589,,,,,,,,
9.2292292292,-0.1794347412,,,,,,,,
9.2392392392,-0.1700570518,,,,,,,,
9.2492492492,-0.1717496438,,,,,,,,
9.2592592593,-0.1858431284,,,,,,,,
9.2692692693,-0.1708798181,,,,,,,,
9.2792792793,-0.160170969,,,,,,,,
9.2892892893,-0.1516986535,,,,,,,,
9.2992992993,-0.1652576864,,,,,,,,
9.3093093093,-0.1563183074,,,,,,,,
9.3193193193,-0.1675415347,,,,,,,,
9.3293293293,-0.199924835,,,,,,,,
9.3393393393,-0.2053791157,,,,,,,,
9.3493493493,-0.2026262599,,,,,,,,
9.3593593594,-0.1926463510,,,,,,,,
9.3693693694,-0.1897547044,,,,,,,,
9.3793793794,-0.1664410352,,,,,,,,
9.3893893894,-0.1659278928,,,,,,,,
9.3993993994,-0.1341421639,,,,,,,,
9.4094094094,-0.1185542442,,,,,,,,
9.4194194194,-0.1166088129,,,,,,,,
9.4294294294,-0.1016813201,,,,,,,,
9.4394394394,-0.0971070928,,,,,,,,
9.4494494494,-0.0994949804,,,,,,,,
9.4594594595,-0.1036570926,,,,,,,,
9.4694694695,-0.1154535216,,,,,,,,
9.4794794795,-0.1378028329,,,,,,,,
9.4894894895,-0.1187763799,,,,,,,,
9.4994994995,-0.1241171003,,,,,,,,
9.5095095095,-0.1256196691,,,,,,,,
9.5195195195,-0.1306636055,,,,,,,,
9.5295295295,-0.1112865405,,,,,,,,
9.5395395395,-0.1144873898,,,,,,,,
9.5495495495,-0.0924078769,,,,,,,,
9.5595595596,-0.0988197283,,,,,,,,
9.5695695696,-0.1110365752,,,,,,,,
9.5795795796,-0.1025621018,,,,,,,,
9.5895895896,-0.1089607860,,,,,,,,
9.5995995996,-0.1004947634,,,,,,,,
9.6096096096,-0.1011224796,,,,,,,,
9.6196196196,-0.0968263239,,,,,,,,
9.6296296296,-0.1150596052,,,,,,,,
9.6396396396,-0.0910033223,,,,,,,,
9.6496496496,-0.0912212886,,,,,,,,
9.6596596597,-0.0842999568,,,,,,,,
9.6696696697,-0.0827358049,,,,,,,,
9.6796796797,-0.0770175223,,,,,,,,
9.6896896897,-0.0718778043,,,,,,,,
9.6996996997,-0.0752373787,,,,,,,,
9.7097097097,-0.0623117189,,,,,,,,
9.7197197197,-0.0613697142,,,,,,,,
9.7297297297,-0.0523717504,,,,,,,,
9.7397397397,-0.0577686598,,,,,,,,
9.7497497497,-0.0612930877,,,,,,,,
9.7597597598,-0.0854456973,,,,,,,,
9.7697697698,-0.094382331,,,,,,,,
9.7797797798,-0.107732772,,,,,,,,
9.7897897898,-0.1160307601,,,,,,,,
9.7997997998,-0.0901006616,,,,,,,,
9.8098098098,-0.0867517314,,,,,,,,
9.8198198198,-0.0778192467,,,,,,,,
9.8298298298,-0.0836175514,,,,,,,,
9.8398398398,-0.0849605134,,,,,,,,
9.8498498498,-0.0748533622,,,,,,,,
9.8598598599,-0.0671708241,,,,,,,,
9.8698698699,-0.0612110016,,,,,,,,
9.8798798799,-0.0568348378,,,,,,,,
9.8898898899,-0.0514995864,,,,,,,,
9.8998998999,-0.0620961517,,,,,,,,
9.9099099099,-0.0650239638,,,,,,,,
9.9199199199,-0.0722924888,,,,,,,,
9.9299299299,-0.0755090675,,,,,,,,
9.9399399399,-0.0615803057,,,,,,,,
9.9499499499,-0.0686050448,,,,,,,,
9.95995996,-0.0679412145,,,,,,,,
9.96996997,-0.0686627591,,,,,,,,
9.97997998,-0.0737742724,,,,,,,,
9.98998999,-0.0852649886,,,,,,,,
10.,-0.1051241417,,,,,,,,
